{
	"BUILD_DIR" : "/home/usuario/Robotica_g7/actividad1/generated/chocachoca_autogen",
	"CMAKE_BINARY_DIR" : "/home/usuario/Robotica_g7/actividad1",
	"CMAKE_CURRENT_BINARY_DIR" : "/home/usuario/Robotica_g7/actividad1/generated",
	"CMAKE_CURRENT_SOURCE_DIR" : "/home/usuario/Robotica_g7/actividad1/generated",
	"CMAKE_EXECUTABLE" : "/snap/clion/377/bin/cmake/linux/x64/bin/cmake",
	"CMAKE_LIST_FILES" : 
	[
		"/home/usuario/Robotica_g7/actividad1/generated/CMakeLists.txt",
		"/home/robocomp/robocomp/cmake/robocomp.cmake",
		"/home/robocomp/robocomp/cmake/modules/qt.cmake",
		"/usr/lib/x86_64-linux-gnu/cmake/Qt6/Qt6ConfigVersion.cmake",
		"/usr/lib/x86_64-linux-gnu/cmake/Qt6/Qt6ConfigVersionImpl.cmake",
		"/usr/lib/x86_64-linux-gnu/cmake/Qt6/Qt6Config.cmake",
		"/usr/lib/x86_64-linux-gnu/cmake/Qt6/Qt6ConfigExtras.cmake",
		"/usr/lib/x86_64-linux-gnu/cmake/Qt6/QtPublicCMakeVersionHelpers.cmake",
		"/usr/lib/x86_64-linux-gnu/cmake/Qt6/Qt6Targets.cmake",
		"/usr/lib/x86_64-linux-gnu/cmake/Qt6/Qt6VersionlessTargets.cmake",
		"/usr/lib/x86_64-linux-gnu/cmake/Qt6/QtFeature.cmake",
		"/usr/lib/x86_64-linux-gnu/cmake/Qt6/QtFeatureCommon.cmake",
		"/snap/clion/377/bin/cmake/linux/x64/share/cmake-4.0/Modules/CheckCXXCompilerFlag.cmake",
		"/snap/clion/377/bin/cmake/linux/x64/share/cmake-4.0/Modules/Internal/CheckCompilerFlag.cmake",
		"/snap/clion/377/bin/cmake/linux/x64/share/cmake-4.0/Modules/Internal/CheckFlagCommonConfig.cmake",
		"/snap/clion/377/bin/cmake/linux/x64/share/cmake-4.0/Modules/Internal/CheckSourceCompiles.cmake",
		"/snap/clion/377/bin/cmake/linux/x64/share/cmake-4.0/Modules/CMakeCheckCompilerFlagCommonPatterns.cmake",
		"/snap/clion/377/bin/cmake/linux/x64/share/cmake-4.0/Modules/CheckCXXSourceCompiles.cmake",
		"/snap/clion/377/bin/cmake/linux/x64/share/cmake-4.0/Modules/Internal/CheckSourceCompiles.cmake",
		"/usr/lib/x86_64-linux-gnu/cmake/Qt6/QtPublicAppleHelpers.cmake",
		"/usr/lib/x86_64-linux-gnu/cmake/Qt6/QtPublicFinalizerHelpers.cmake",
		"/usr/lib/x86_64-linux-gnu/cmake/Qt6/QtPublicPluginHelpers.cmake",
		"/usr/lib/x86_64-linux-gnu/cmake/Qt6/QtPublicTargetHelpers.cmake",
		"/usr/lib/x86_64-linux-gnu/cmake/Qt6/QtPublicWalkLibsHelpers.cmake",
		"/usr/lib/x86_64-linux-gnu/cmake/Qt6/QtPublicFindPackageHelpers.cmake",
		"/usr/lib/x86_64-linux-gnu/cmake/Qt6/QtPublicDependencyHelpers.cmake",
		"/usr/lib/x86_64-linux-gnu/cmake/Qt6/QtPublicTestHelpers.cmake",
		"/usr/lib/x86_64-linux-gnu/cmake/Qt6/QtPublicToolHelpers.cmake",
		"/usr/lib/x86_64-linux-gnu/cmake/Qt6/QtPublicCMakeHelpers.cmake",
		"/snap/clion/377/bin/cmake/linux/x64/share/cmake-4.0/Modules/CMakeFindDependencyMacro.cmake",
		"/usr/lib/x86_64-linux-gnu/cmake/Qt6/Qt6Dependencies.cmake",
		"/snap/clion/377/bin/cmake/linux/x64/share/cmake-4.0/Modules/FindThreads.cmake",
		"/snap/clion/377/bin/cmake/linux/x64/share/cmake-4.0/Modules/CheckLibraryExists.cmake",
		"/snap/clion/377/bin/cmake/linux/x64/share/cmake-4.0/Modules/CheckIncludeFile.cmake",
		"/snap/clion/377/bin/cmake/linux/x64/share/cmake-4.0/Modules/CheckCSourceCompiles.cmake",
		"/snap/clion/377/bin/cmake/linux/x64/share/cmake-4.0/Modules/Internal/CheckSourceCompiles.cmake",
		"/snap/clion/377/bin/cmake/linux/x64/share/cmake-4.0/Modules/FindPackageHandleStandardArgs.cmake",
		"/snap/clion/377/bin/cmake/linux/x64/share/cmake-4.0/Modules/FindPackageMessage.cmake",
		"/usr/lib/x86_64-linux-gnu/cmake/Qt6Core/Qt6CoreConfigVersion.cmake",
		"/usr/lib/x86_64-linux-gnu/cmake/Qt6Core/Qt6CoreConfigVersionImpl.cmake",
		"/usr/lib/x86_64-linux-gnu/cmake/Qt6Core/Qt6CoreConfig.cmake",
		"/snap/clion/377/bin/cmake/linux/x64/share/cmake-4.0/Modules/CMakeFindDependencyMacro.cmake",
		"/usr/lib/x86_64-linux-gnu/cmake/Qt6Core/Qt6CoreDependencies.cmake",
		"/usr/lib/x86_64-linux-gnu/cmake/Qt6/FindWrapAtomic.cmake",
		"/snap/clion/377/bin/cmake/linux/x64/share/cmake-4.0/Modules/CheckCXXSourceCompiles.cmake",
		"/snap/clion/377/bin/cmake/linux/x64/share/cmake-4.0/Modules/FindPackageHandleStandardArgs.cmake",
		"/snap/clion/377/bin/cmake/linux/x64/share/cmake-4.0/Modules/FindPackageMessage.cmake",
		"/usr/lib/x86_64-linux-gnu/cmake/Qt6CoreTools/Qt6CoreToolsConfigVersion.cmake",
		"/usr/lib/x86_64-linux-gnu/cmake/Qt6CoreTools/Qt6CoreToolsConfigVersionImpl.cmake",
		"/usr/lib/x86_64-linux-gnu/cmake/Qt6CoreTools/Qt6CoreToolsConfig.cmake",
		"/snap/clion/377/bin/cmake/linux/x64/share/cmake-4.0/Modules/CMakeFindDependencyMacro.cmake",
		"/usr/lib/x86_64-linux-gnu/cmake/Qt6CoreTools/Qt6CoreToolsDependencies.cmake",
		"/usr/lib/x86_64-linux-gnu/cmake/Qt6CoreTools/Qt6CoreToolsTargets.cmake",
		"/usr/lib/x86_64-linux-gnu/cmake/Qt6CoreTools/Qt6CoreToolsTargets-none.cmake",
		"/usr/lib/x86_64-linux-gnu/cmake/Qt6CoreTools/Qt6CoreToolsAdditionalTargetInfo.cmake",
		"/usr/lib/x86_64-linux-gnu/cmake/Qt6CoreTools/Qt6CoreToolsVersionlessTargets.cmake",
		"/usr/lib/x86_64-linux-gnu/cmake/Qt6Core/Qt6CoreTargets.cmake",
		"/usr/lib/x86_64-linux-gnu/cmake/Qt6Core/Qt6CoreTargets-none.cmake",
		"/usr/lib/x86_64-linux-gnu/cmake/Qt6Core/Qt6CoreAdditionalTargetInfo.cmake",
		"/usr/lib/x86_64-linux-gnu/cmake/Qt6Core/Qt6CoreVersionlessTargets.cmake",
		"/usr/lib/x86_64-linux-gnu/cmake/Qt6Core/Qt6CoreMacros.cmake",
		"/usr/lib/x86_64-linux-gnu/cmake/Qt6Core/Qt6CoreConfigExtras.cmake",
		"/snap/clion/377/bin/cmake/linux/x64/share/cmake-4.0/Modules/GNUInstallDirs.cmake",
		"/usr/lib/x86_64-linux-gnu/cmake/Qt6/Qt6ConfigVersion.cmake",
		"/usr/lib/x86_64-linux-gnu/cmake/Qt6/Qt6ConfigVersionImpl.cmake",
		"/usr/lib/x86_64-linux-gnu/cmake/Qt6/Qt6Config.cmake",
		"/usr/lib/x86_64-linux-gnu/cmake/Qt6/Qt6ConfigExtras.cmake",
		"/usr/lib/x86_64-linux-gnu/cmake/Qt6/QtPublicCMakeVersionHelpers.cmake",
		"/usr/lib/x86_64-linux-gnu/cmake/Qt6/Qt6Targets.cmake",
		"/usr/lib/x86_64-linux-gnu/cmake/Qt6/Qt6VersionlessTargets.cmake",
		"/usr/lib/x86_64-linux-gnu/cmake/Qt6/QtFeature.cmake",
		"/usr/lib/x86_64-linux-gnu/cmake/Qt6/QtFeatureCommon.cmake",
		"/snap/clion/377/bin/cmake/linux/x64/share/cmake-4.0/Modules/CheckCXXCompilerFlag.cmake",
		"/usr/lib/x86_64-linux-gnu/cmake/Qt6/QtPublicAppleHelpers.cmake",
		"/usr/lib/x86_64-linux-gnu/cmake/Qt6/QtPublicFinalizerHelpers.cmake",
		"/usr/lib/x86_64-linux-gnu/cmake/Qt6/QtPublicPluginHelpers.cmake",
		"/usr/lib/x86_64-linux-gnu/cmake/Qt6/QtPublicTargetHelpers.cmake",
		"/usr/lib/x86_64-linux-gnu/cmake/Qt6/QtPublicWalkLibsHelpers.cmake",
		"/usr/lib/x86_64-linux-gnu/cmake/Qt6/QtPublicFindPackageHelpers.cmake",
		"/usr/lib/x86_64-linux-gnu/cmake/Qt6/QtPublicDependencyHelpers.cmake",
		"/usr/lib/x86_64-linux-gnu/cmake/Qt6/QtPublicTestHelpers.cmake",
		"/usr/lib/x86_64-linux-gnu/cmake/Qt6/QtPublicToolHelpers.cmake",
		"/usr/lib/x86_64-linux-gnu/cmake/Qt6/QtPublicCMakeHelpers.cmake",
		"/snap/clion/377/bin/cmake/linux/x64/share/cmake-4.0/Modules/CMakeFindDependencyMacro.cmake",
		"/usr/lib/x86_64-linux-gnu/cmake/Qt6/Qt6Dependencies.cmake",
		"/usr/lib/x86_64-linux-gnu/cmake/Qt6Gui/Qt6GuiConfigVersion.cmake",
		"/usr/lib/x86_64-linux-gnu/cmake/Qt6Gui/Qt6GuiConfigVersionImpl.cmake",
		"/usr/lib/x86_64-linux-gnu/cmake/Qt6Gui/Qt6GuiConfig.cmake",
		"/snap/clion/377/bin/cmake/linux/x64/share/cmake-4.0/Modules/CMakeFindDependencyMacro.cmake",
		"/usr/lib/x86_64-linux-gnu/cmake/Qt6Gui/Qt6GuiDependencies.cmake",
		"/usr/lib/x86_64-linux-gnu/cmake/Qt6/FindWrapOpenGL.cmake",
		"/snap/clion/377/bin/cmake/linux/x64/share/cmake-4.0/Modules/FindOpenGL.cmake",
		"/snap/clion/377/bin/cmake/linux/x64/share/cmake-4.0/Modules/FindPackageHandleStandardArgs.cmake",
		"/snap/clion/377/bin/cmake/linux/x64/share/cmake-4.0/Modules/FindPackageMessage.cmake",
		"/snap/clion/377/bin/cmake/linux/x64/share/cmake-4.0/Modules/FindPackageHandleStandardArgs.cmake",
		"/snap/clion/377/bin/cmake/linux/x64/share/cmake-4.0/Modules/FindPackageMessage.cmake",
		"/usr/lib/x86_64-linux-gnu/cmake/Qt6/3rdparty/kwin/FindXKB.cmake",
		"/snap/clion/377/bin/cmake/linux/x64/share/cmake-4.0/Modules/FindPkgConfig.cmake",
		"/snap/clion/377/bin/cmake/linux/x64/share/cmake-4.0/Modules/FindPackageHandleStandardArgs.cmake",
		"/snap/clion/377/bin/cmake/linux/x64/share/cmake-4.0/Modules/FindPackageMessage.cmake",
		"/snap/clion/377/bin/cmake/linux/x64/share/cmake-4.0/Modules/FindPackageHandleStandardArgs.cmake",
		"/snap/clion/377/bin/cmake/linux/x64/share/cmake-4.0/Modules/FindPackageMessage.cmake",
		"/snap/clion/377/bin/cmake/linux/x64/share/cmake-4.0/Modules/FeatureSummary.cmake",
		"/usr/lib/x86_64-linux-gnu/cmake/Qt6/FindWrapVulkanHeaders.cmake",
		"/snap/clion/377/bin/cmake/linux/x64/share/cmake-4.0/Modules/FindVulkan.cmake",
		"/snap/clion/377/bin/cmake/linux/x64/share/cmake-4.0/Modules/FindPackageHandleStandardArgs.cmake",
		"/snap/clion/377/bin/cmake/linux/x64/share/cmake-4.0/Modules/FindPackageMessage.cmake",
		"/snap/clion/377/bin/cmake/linux/x64/share/cmake-4.0/Modules/FindPackageHandleStandardArgs.cmake",
		"/snap/clion/377/bin/cmake/linux/x64/share/cmake-4.0/Modules/FindPackageMessage.cmake",
		"/usr/lib/x86_64-linux-gnu/cmake/Qt6GuiTools/Qt6GuiToolsConfigVersion.cmake",
		"/usr/lib/x86_64-linux-gnu/cmake/Qt6GuiTools/Qt6GuiToolsConfigVersionImpl.cmake",
		"/usr/lib/x86_64-linux-gnu/cmake/Qt6GuiTools/Qt6GuiToolsConfig.cmake",
		"/snap/clion/377/bin/cmake/linux/x64/share/cmake-4.0/Modules/CMakeFindDependencyMacro.cmake",
		"/usr/lib/x86_64-linux-gnu/cmake/Qt6GuiTools/Qt6GuiToolsDependencies.cmake",
		"/usr/lib/x86_64-linux-gnu/cmake/Qt6GuiTools/Qt6GuiToolsTargets.cmake",
		"/usr/lib/x86_64-linux-gnu/cmake/Qt6GuiTools/Qt6GuiToolsTargets-none.cmake",
		"/usr/lib/x86_64-linux-gnu/cmake/Qt6GuiTools/Qt6GuiToolsAdditionalTargetInfo.cmake",
		"/usr/lib/x86_64-linux-gnu/cmake/Qt6GuiTools/Qt6GuiToolsVersionlessTargets.cmake",
		"/usr/lib/x86_64-linux-gnu/cmake/Qt6DBus/Qt6DBusConfigVersion.cmake",
		"/usr/lib/x86_64-linux-gnu/cmake/Qt6DBus/Qt6DBusConfigVersionImpl.cmake",
		"/usr/lib/x86_64-linux-gnu/cmake/Qt6DBus/Qt6DBusConfig.cmake",
		"/snap/clion/377/bin/cmake/linux/x64/share/cmake-4.0/Modules/CMakeFindDependencyMacro.cmake",
		"/usr/lib/x86_64-linux-gnu/cmake/Qt6DBus/Qt6DBusDependencies.cmake",
		"/usr/lib/x86_64-linux-gnu/cmake/Qt6DBusTools/Qt6DBusToolsConfigVersion.cmake",
		"/usr/lib/x86_64-linux-gnu/cmake/Qt6DBusTools/Qt6DBusToolsConfigVersionImpl.cmake",
		"/usr/lib/x86_64-linux-gnu/cmake/Qt6DBusTools/Qt6DBusToolsConfig.cmake",
		"/snap/clion/377/bin/cmake/linux/x64/share/cmake-4.0/Modules/CMakeFindDependencyMacro.cmake",
		"/usr/lib/x86_64-linux-gnu/cmake/Qt6DBusTools/Qt6DBusToolsDependencies.cmake",
		"/usr/lib/x86_64-linux-gnu/cmake/Qt6DBusTools/Qt6DBusToolsTargets.cmake",
		"/usr/lib/x86_64-linux-gnu/cmake/Qt6DBusTools/Qt6DBusToolsTargets-none.cmake",
		"/usr/lib/x86_64-linux-gnu/cmake/Qt6DBusTools/Qt6DBusToolsAdditionalTargetInfo.cmake",
		"/usr/lib/x86_64-linux-gnu/cmake/Qt6DBusTools/Qt6DBusToolsVersionlessTargets.cmake",
		"/usr/lib/x86_64-linux-gnu/cmake/Qt6DBus/Qt6DBusTargets.cmake",
		"/usr/lib/x86_64-linux-gnu/cmake/Qt6DBus/Qt6DBusTargets-none.cmake",
		"/usr/lib/x86_64-linux-gnu/cmake/Qt6DBus/Qt6DBusAdditionalTargetInfo.cmake",
		"/usr/lib/x86_64-linux-gnu/cmake/Qt6DBus/Qt6DBusVersionlessTargets.cmake",
		"/usr/lib/x86_64-linux-gnu/cmake/Qt6DBus/Qt6DBusMacros.cmake",
		"/snap/clion/377/bin/cmake/linux/x64/share/cmake-4.0/Modules/MacroAddFileDependencies.cmake",
		"/usr/lib/x86_64-linux-gnu/cmake/Qt6Gui/Qt6GuiTargets.cmake",
		"/usr/lib/x86_64-linux-gnu/cmake/Qt6Gui/Qt6GuiTargets-none.cmake",
		"/usr/lib/x86_64-linux-gnu/cmake/Qt6Gui/Qt6GuiAdditionalTargetInfo.cmake",
		"/usr/lib/x86_64-linux-gnu/cmake/Qt6Gui/Qt6GuiVersionlessTargets.cmake",
		"/usr/lib/x86_64-linux-gnu/cmake/Qt6Widgets/Qt6WidgetsConfigVersion.cmake",
		"/usr/lib/x86_64-linux-gnu/cmake/Qt6Widgets/Qt6WidgetsConfigVersionImpl.cmake",
		"/usr/lib/x86_64-linux-gnu/cmake/Qt6Widgets/Qt6WidgetsConfig.cmake",
		"/snap/clion/377/bin/cmake/linux/x64/share/cmake-4.0/Modules/CMakeFindDependencyMacro.cmake",
		"/usr/lib/x86_64-linux-gnu/cmake/Qt6Widgets/Qt6WidgetsDependencies.cmake",
		"/usr/lib/x86_64-linux-gnu/cmake/Qt6WidgetsTools/Qt6WidgetsToolsConfigVersion.cmake",
		"/usr/lib/x86_64-linux-gnu/cmake/Qt6WidgetsTools/Qt6WidgetsToolsConfigVersionImpl.cmake",
		"/usr/lib/x86_64-linux-gnu/cmake/Qt6WidgetsTools/Qt6WidgetsToolsConfig.cmake",
		"/snap/clion/377/bin/cmake/linux/x64/share/cmake-4.0/Modules/CMakeFindDependencyMacro.cmake",
		"/usr/lib/x86_64-linux-gnu/cmake/Qt6WidgetsTools/Qt6WidgetsToolsDependencies.cmake",
		"/usr/lib/x86_64-linux-gnu/cmake/Qt6WidgetsTools/Qt6WidgetsToolsTargets.cmake",
		"/usr/lib/x86_64-linux-gnu/cmake/Qt6WidgetsTools/Qt6WidgetsToolsTargets-none.cmake",
		"/usr/lib/x86_64-linux-gnu/cmake/Qt6WidgetsTools/Qt6WidgetsToolsAdditionalTargetInfo.cmake",
		"/usr/lib/x86_64-linux-gnu/cmake/Qt6WidgetsTools/Qt6WidgetsToolsVersionlessTargets.cmake",
		"/usr/lib/x86_64-linux-gnu/cmake/Qt6Widgets/Qt6WidgetsTargets.cmake",
		"/usr/lib/x86_64-linux-gnu/cmake/Qt6Widgets/Qt6WidgetsTargets-none.cmake",
		"/usr/lib/x86_64-linux-gnu/cmake/Qt6Widgets/Qt6WidgetsAdditionalTargetInfo.cmake",
		"/usr/lib/x86_64-linux-gnu/cmake/Qt6Widgets/Qt6WidgetsVersionlessTargets.cmake",
		"/usr/lib/x86_64-linux-gnu/cmake/Qt6Widgets/Qt6WidgetsMacros.cmake",
		"/usr/lib/x86_64-linux-gnu/cmake/Qt6OpenGL/Qt6OpenGLConfigVersion.cmake",
		"/usr/lib/x86_64-linux-gnu/cmake/Qt6OpenGL/Qt6OpenGLConfigVersionImpl.cmake",
		"/usr/lib/x86_64-linux-gnu/cmake/Qt6OpenGL/Qt6OpenGLConfig.cmake",
		"/snap/clion/377/bin/cmake/linux/x64/share/cmake-4.0/Modules/CMakeFindDependencyMacro.cmake",
		"/usr/lib/x86_64-linux-gnu/cmake/Qt6OpenGL/Qt6OpenGLDependencies.cmake",
		"/usr/lib/x86_64-linux-gnu/cmake/Qt6/FindWrapVulkanHeaders.cmake",
		"/usr/lib/x86_64-linux-gnu/cmake/Qt6OpenGL/Qt6OpenGLTargets.cmake",
		"/usr/lib/x86_64-linux-gnu/cmake/Qt6OpenGL/Qt6OpenGLTargets-none.cmake",
		"/usr/lib/x86_64-linux-gnu/cmake/Qt6OpenGL/Qt6OpenGLAdditionalTargetInfo.cmake",
		"/usr/lib/x86_64-linux-gnu/cmake/Qt6OpenGL/Qt6OpenGLVersionlessTargets.cmake",
		"/usr/lib/x86_64-linux-gnu/cmake/Qt6Xml/Qt6XmlConfigVersion.cmake",
		"/usr/lib/x86_64-linux-gnu/cmake/Qt6Xml/Qt6XmlConfigVersionImpl.cmake",
		"/usr/lib/x86_64-linux-gnu/cmake/Qt6Xml/Qt6XmlConfig.cmake",
		"/snap/clion/377/bin/cmake/linux/x64/share/cmake-4.0/Modules/CMakeFindDependencyMacro.cmake",
		"/usr/lib/x86_64-linux-gnu/cmake/Qt6Xml/Qt6XmlDependencies.cmake",
		"/usr/lib/x86_64-linux-gnu/cmake/Qt6Xml/Qt6XmlTargets.cmake",
		"/usr/lib/x86_64-linux-gnu/cmake/Qt6Xml/Qt6XmlTargets-none.cmake",
		"/usr/lib/x86_64-linux-gnu/cmake/Qt6Xml/Qt6XmlAdditionalTargetInfo.cmake",
		"/usr/lib/x86_64-linux-gnu/cmake/Qt6Xml/Qt6XmlVersionlessTargets.cmake",
		"/usr/lib/x86_64-linux-gnu/cmake/Qt6StateMachine/Qt6StateMachineConfigVersion.cmake",
		"/usr/lib/x86_64-linux-gnu/cmake/Qt6StateMachine/Qt6StateMachineConfigVersionImpl.cmake",
		"/usr/lib/x86_64-linux-gnu/cmake/Qt6StateMachine/Qt6StateMachineConfig.cmake",
		"/snap/clion/377/bin/cmake/linux/x64/share/cmake-4.0/Modules/CMakeFindDependencyMacro.cmake",
		"/usr/lib/x86_64-linux-gnu/cmake/Qt6StateMachine/Qt6StateMachineDependencies.cmake",
		"/usr/lib/x86_64-linux-gnu/cmake/Qt6StateMachine/Qt6StateMachineTargets.cmake",
		"/usr/lib/x86_64-linux-gnu/cmake/Qt6StateMachine/Qt6StateMachineTargets-none.cmake",
		"/usr/lib/x86_64-linux-gnu/cmake/Qt6StateMachine/Qt6StateMachineAdditionalTargetInfo.cmake",
		"/usr/lib/x86_64-linux-gnu/cmake/Qt6StateMachine/Qt6StateMachineVersionlessTargets.cmake",
		"/home/usuario/Robotica_g7/actividad1/src/CMakeLists.txt",
		"/snap/clion/377/bin/cmake/linux/x64/share/cmake-4.0/Modules/FindIce.cmake",
		"/snap/clion/377/bin/cmake/linux/x64/share/cmake-4.0/Modules/SelectLibraryConfigurations.cmake",
		"/snap/clion/377/bin/cmake/linux/x64/share/cmake-4.0/Modules/SelectLibraryConfigurations.cmake",
		"/snap/clion/377/bin/cmake/linux/x64/share/cmake-4.0/Modules/FindPackageHandleStandardArgs.cmake",
		"/snap/clion/377/bin/cmake/linux/x64/share/cmake-4.0/Modules/FindPackageMessage.cmake",
		"/snap/clion/377/bin/cmake/linux/x64/share/cmake-4.0/Modules/FindThreads.cmake",
		"/snap/clion/377/bin/cmake/linux/x64/share/cmake-4.0/Modules/CheckLibraryExists.cmake",
		"/snap/clion/377/bin/cmake/linux/x64/share/cmake-4.0/Modules/CheckIncludeFile.cmake",
		"/snap/clion/377/bin/cmake/linux/x64/share/cmake-4.0/Modules/CheckCSourceCompiles.cmake",
		"/snap/clion/377/bin/cmake/linux/x64/share/cmake-4.0/Modules/FindPackageHandleStandardArgs.cmake",
		"/snap/clion/377/bin/cmake/linux/x64/share/cmake-4.0/Modules/FindPackageMessage.cmake",
		"/snap/clion/377/bin/cmake/linux/x64/share/cmake-4.0/Modules/FindIce.cmake",
		"/snap/clion/377/bin/cmake/linux/x64/share/cmake-4.0/Modules/SelectLibraryConfigurations.cmake",
		"/snap/clion/377/bin/cmake/linux/x64/share/cmake-4.0/Modules/SelectLibraryConfigurations.cmake",
		"/snap/clion/377/bin/cmake/linux/x64/share/cmake-4.0/Modules/SelectLibraryConfigurations.cmake",
		"/snap/clion/377/bin/cmake/linux/x64/share/cmake-4.0/Modules/FindPackageHandleStandardArgs.cmake",
		"/snap/clion/377/bin/cmake/linux/x64/share/cmake-4.0/Modules/FindPackageMessage.cmake"
	],
	"CMAKE_SOURCE_DIR" : "/home/usuario/Robotica_g7/actividad1",
	"CROSS_CONFIG" : false,
	"DEP_FILE" : "/home/usuario/Robotica_g7/actividad1/generated/chocachoca_autogen/deps",
	"DEP_FILE_RULE_NAME" : "chocachoca_autogen/timestamp",
	"HEADERS" : 
	[
		[
			"/home/robocomp/robocomp/classes/ConfigLoader/ConfigLoader.h",
			"MU",
			"EVVQFOUPAI/moc_ConfigLoader.cpp",
			null
		],
		[
			"/home/robocomp/robocomp/classes/abstract_graphic_viewer/abstract_graphic_viewer.h",
			"MU",
			"4B7W4TDGLD/moc_abstract_graphic_viewer.cpp",
			null
		],
		[
			"/home/robocomp/robocomp/classes/grafcetStep/GRAFCETStep.h",
			"MU",
			"UITLZZOD3R/moc_GRAFCETStep.cpp",
			null
		],
		[
			"/home/robocomp/robocomp/classes/rapplication/rapplication.h",
			"MU",
			"EMJXXFBHS2/moc_rapplication.cpp",
			null
		],
		[
			"/home/robocomp/robocomp/classes/sigwatch/sigwatch.h",
			"MU",
			"I7T5MHM6VT/moc_sigwatch.cpp",
			null
		],
		[
			"/home/usuario/Robotica_g7/actividad1/generated/genericworker.h",
			"MU",
			"EWIEGA46WW/moc_genericworker.cpp",
			null
		],
		[
			"/home/usuario/Robotica_g7/actividad1/src/specificworker.h",
			"MU",
			"VNU7RW3YIC/moc_specificworker.cpp",
			null
		]
	],
	"HEADER_EXTENSIONS" : [ "h", "hh", "h++", "hm", "hpp", "hxx", "in", "txx" ],
	"INCLUDE_DIR" : "/home/usuario/Robotica_g7/actividad1/generated/chocachoca_autogen/include",
	"MOC_COMPILATION_FILE" : "/home/usuario/Robotica_g7/actividad1/generated/chocachoca_autogen/mocs_compilation.cpp",
	"MOC_DEFINITIONS" : 
	[
		"ICE_CPP11_MAPPING",
		"QT_CORE_LIB",
		"QT_GUI_LIB",
		"QT_NO_DEBUG",
		"QT_OPENGL_LIB",
		"QT_STATEMACHINE_LIB",
		"QT_WIDGETS_LIB",
		"QT_XML_LIB"
	],
	"MOC_DEPEND_FILTERS" : 
	[
		[
			"Q_PLUGIN_METADATA",
			"[\n][ \t]*Q_PLUGIN_METADATA[ \t]*\\([^\\)]*FILE[ \t]*\"([^\"]+)\""
		]
	],
	"MOC_INCLUDES" : 
	[
		"/home/usuario/Robotica_g7/actividad1/generated",
		"/home/usuario/Robotica_g7/actividad1/generated",
		"/opt/robocomp/include",
		"/classes",
		"/home/usuario/Robotica_g7/actividad1",
		"/home/robocomp/robocomp/classes",
		"/home/robocomp/robocomp/libs",
		"/home/robocomp/robocomp/interfaces",
		"/include",
		"/usr/include/x86_64-linux-gnu/qt6/QtGui",
		"/usr/include/x86_64-linux-gnu/qt6",
		"/usr/include/x86_64-linux-gnu/qt6/QtCore",
		"/usr/lib/x86_64-linux-gnu/qt6/mkspecs/linux-g++",
		"/usr/include/x86_64-linux-gnu/qt6/QtWidgets",
		"/usr/include/x86_64-linux-gnu/qt6/QtOpenGL",
		"/usr/include/x86_64-linux-gnu/qt6/QtXml",
		"/usr/include/x86_64-linux-gnu/qt6/QtStateMachine",
		"/usr/include",
		"/usr/include/c++/13",
		"/usr/include/x86_64-linux-gnu/c++/13",
		"/usr/include/c++/13/backward",
		"/usr/lib/gcc/x86_64-linux-gnu/13/include",
		"/usr/local/include",
		"/usr/include/x86_64-linux-gnu"
	],
	"MOC_MACRO_NAMES" : 
	[
		"Q_OBJECT",
		"Q_GADGET",
		"Q_GADGET_EXPORT",
		"Q_NAMESPACE",
		"Q_NAMESPACE_EXPORT"
	],
	"MOC_OPTIONS" : [],
	"MOC_PATH_PREFIX" : false,
	"MOC_PREDEFS_CMD" : 
	[
		"/usr/bin/c++",
		"-std=c++23",
		"-w",
		"-dM",
		"-E",
		"/snap/clion/377/bin/cmake/linux/x64/share/cmake-4.0/Modules/CMakeCXXCompilerABI.cpp"
	],
	"MOC_PREDEFS_FILE" : "/home/usuario/Robotica_g7/actividad1/generated/chocachoca_autogen/moc_predefs.h",
	"MOC_RELAXED_MODE" : false,
	"MOC_SKIP" : 
	[
		"/home/usuario/Robotica_g7/actividad1/generated/DifferentialRobot.cpp",
		"/home/usuario/Robotica_g7/actividad1/generated/GenericBase.cpp",
		"/home/usuario/Robotica_g7/actividad1/generated/Laser.cpp"
	],
	"MULTI_CONFIG" : false,
	"PARALLEL" : 8,
	"PARSE_CACHE_FILE" : "/home/usuario/Robotica_g7/actividad1/generated/CMakeFiles/chocachoca_autogen.dir/ParseCache.txt",
	"QT_MOC_EXECUTABLE" : "/usr/lib/qt6/libexec/moc",
	"QT_UIC_EXECUTABLE" : "/usr/lib/qt6/libexec/uic",
	"QT_VERSION_MAJOR" : 6,
	"QT_VERSION_MINOR" : 4,
	"SETTINGS_FILE" : "/home/usuario/Robotica_g7/actividad1/generated/CMakeFiles/chocachoca_autogen.dir/AutogenUsed.txt",
	"SOURCES" : 
	[
		[
			"/home/robocomp/robocomp/classes/ConfigLoader/ConfigLoader.cpp",
			"MU",
			null
		],
		[
			"/home/robocomp/robocomp/classes/abstract_graphic_viewer/abstract_graphic_viewer.cpp",
			"MU",
			null
		],
		[
			"/home/robocomp/robocomp/classes/grafcetStep/GRAFCETStep.cpp",
			"MU",
			null
		],
		[
			"/home/robocomp/robocomp/classes/rapplication/rapplication.cpp",
			"MU",
			null
		],
		[ "/home/robocomp/robocomp/classes/sigwatch/sigwatch.cpp", "MU", null ],
		[
			"/home/usuario/Robotica_g7/actividad1/generated/genericworker.cpp",
			"MU",
			null
		],
		[ "/home/usuario/Robotica_g7/actividad1/generated/main.cpp", "MU", null ],
		[
			"/home/usuario/Robotica_g7/actividad1/src/specificworker.cpp",
			"MU",
			null
		]
	],
	"UIC_OPTIONS" : [],
	"UIC_SEARCH_PATHS" : [ "/home/usuario/Robotica_g7/actividad1/src" ],
	"UIC_SKIP" : 
	[
		"/home/usuario/Robotica_g7/actividad1/generated/DifferentialRobot.cpp",
		"/home/usuario/Robotica_g7/actividad1/generated/GenericBase.cpp",
		"/home/usuario/Robotica_g7/actividad1/generated/Laser.cpp"
	],
	"UIC_UI_FILES" : [],
	"USE_BETTER_GRAPH" : false,
	"VERBOSITY" : 0
}
